#Probability that two shreds, the shorter at this length, came from the same genome.
#X-axis is cosine difference of tetramer frequences, in increments of 1/1024
#ceil(size)	count	probs
256	15435611	1	1	1	1	1	1	1	1	1	1	1	1	1	1	1	1	1	1	1	1	1	1	1	1	1	1	1	1	1	1	1	1	1	1	1	1	1	1	0.99819326	0.99819326	0.99819326	0.99819326	0.99772120	0.99772120	0.99772120	0.99772120	0.99772120	0.99681586	0.99557519	0.99557519	0.99464732	0.99464732	0.99464732	0.99464732	0.99464732	0.99434692	0.99374533	0.99314827	0.99189568	0.99134272	0.99083799	0.98978984	0.98866522	0.98775262	0.98750454	0.98750454	0.98639554	0.98606724	0.98495072	0.98391974	0.98366994	0.98253012	0.98136038	0.98136038	0.98032784	0.98010737	0.97886622	0.97773939	0.97677284	0.97594899	0.97542703	0.97422278	0.97308958	0.97197503	0.97176510	0.97070563	0.97042280	0.96956307	0.96862924	0.96822059	0.96718502	0.96625251	0.96539158	0.96437776	0.96348882	0.96259302	0.96154088	0.96077818	0.95943105	0.95890665	0.95798051	0.95698237	0.95568162	0.95494103	0.95409280	0.95304376	0.95207238	0.95077950	0.94974935	0.94819796	0.94739389	0.94619840	0.94522220	0.94393080	0.94248480	0.94113410	0.94018859	0.93918365	0.93814540	0.93703532	0.93578446	0.93445492	0.93316138	0.93182123	0.93066275	0.92931855	0.92820984	0.92696071	0.92577696	0.92448443	0.92339438	0.92196190	0.92059129	0.91926461	0.91808134	0.91703874	0.91575640	0.91468829	0.91354477	0.91232276	0.91103959	0.90967292	0.90832829	0.90704882	0.90569109	0.90437496	0.90297526	0.90164834	0.90045953	0.89921224	0.89803773	0.89679813	0.89556777	0.89435238	0.89304900	0.89176041	0.89066124	0.88945669	0.88822830	0.88704723	0.88573349	0.88452983	0.88329852	0.88206005	0.88082796	0.87954849	0.87831020	0.87714475	0.87589955	0.87448877	0.87324691	0.87192655	0.87050539	0.86937779	0.86818016	0.86684954	0.86559141	0.86423129	0.86282218	0.86159819	0.86029547	0.85903734	0.85780102	0.85656124	0.85516310	0.85377961	0.85252702	0.85118020	0.84980750	0.84853560	0.84734046	0.84595543	0.84471279	0.84341043	0.84213960	0.84082311	0.83949476	0.83809900	0.83678854	0.83545738	0.83405000	0.83273351	0.83139020	0.82997495	0.82868832	0.82716614	0.82590652	0.82456475	0.82321596	0.82188362	0.82027924	0.81882125	0.81731433	0.81581712	0.81434852	0.81299323	0.81153303	0.81008810	0.80861825	0.80712020	0.80577195	0.80432206	0.80303115	0.80149674	0.80007970	0.79862285	0.79711747	0.79565126	0.79428512	0.79288852	0.79149073	0.79006648	0.78862029	0.78723216	0.78580761	0.78438532	0.78298765	0.78150171	0.78005773	0.77861637	0.77718645	0.77568483	0.77419120	0.77282858	0.77144086	0.76999551	0.76856893	0.76717335	0.76572508	0.76434994	0.76289409	0.76151836	0.76010865	0.75874537	0.75734448	0.75599772	0.75460064	0.75312883
362	17758766	1	1	1	1	1	1	1	1	1	1	1	1	1	1	1	1	1	1	1	1	1	1	1	1	1	0.99944377	0.99944377	0.99944377	0.99944377	0.99944377	0.99944377	0.99944377	0.99917650	0.99917650	0.99894273	0.99841249	0.99840695	0.99840695	0.99752969	0.99752969	0.99706125	0.99578881	0.99549305	0.99484754	0.99484754	0.99332261	0.99177915	0.99103707	0.99063253	0.99035007	0.98999268	0.98899585	0.98835135	0.98786551	0.98786551	0.98734260	0.98704463	0.98704463	0.98601526	0.98479909	0.98449790	0.98386806	0.98346448	0.98227346	0.98164874	0.98080826	0.97973680	0.97864068	0.97776234	0.97717226	0.97612840	0.97495198	0.97429925	0.97375691	0.97280425	0.97185767	0.97092932	0.97001314	0.96904802	0.96809977	0.96703207	0.96604115	0.96467054	0.96356320	0.96250945	0.96136844	0.96016425	0.95901471	0.95796543	0.95705700	0.95594156	0.95481437	0.95358902	0.95238364	0.95127821	0.94989425	0.94869590	0.94758821	0.94621980	0.94503325	0.94384193	0.94258261	0.94134694	0.93989921	0.93854129	0.93706292	0.93574810	0.93444139	0.93309361	0.93155462	0.93011564	0.92890692	0.92747033	0.92599571	0.92459899	0.92306823	0.92174691	0.92044014	0.91896218	0.91757947	0.91614562	0.91464281	0.91321015	0.91175216	0.91046852	0.90903741	0.90764815	0.90597981	0.90462226	0.90304214	0.90156960	0.90014189	0.89868867	0.89712381	0.89559758	0.89398670	0.89253426	0.89109129	0.88961434	0.88841045	0.88702923	0.88543564	0.88390321	0.88248307	0.88105476	0.87948614	0.87792575	0.87642068	0.87486190	0.87338668	0.87198085	0.87027460	0.86878383	0.86723691	0.86570156	0.86419797	0.86256063	0.86093223	0.85930169	0.85780007	0.85605478	0.85433489	0.85269719	0.85095227	0.84927988	0.84759820	0.84596384	0.84436345	0.84276062	0.84103644	0.83943778	0.83772892	0.83598065	0.83439505	0.83272618	0.83106649	0.82930428	0.82782197	0.82605684	0.82432497	0.82265449	0.82096779	0.81927615	0.81755048	0.81581712	0.81416017	0.81234652	0.81067365	0.80890495	0.80716974	0.80550730	0.80377883	0.80207109	0.80040121	0.79869771	0.79712373	0.79543072	0.79378068	0.79202867	0.79033166	0.78863406	0.78690451	0.78520793	0.78347003	0.78179365	0.78016740	0.77850831	0.77694589	0.77523631	0.77370888	0.77210671	0.77053648	0.76885891	0.76726681	0.76563573	0.76399416	0.76239657	0.76083010	0.75922549	0.75768828	0.75614977	0.75457120	0.75306833	0.75162190	0.75009698	0.74858946	0.74707794	0.74560338	0.74406326	0.74264467	0.74119300	0.73975474	0.73837125	0.73686647	0.73546660	0.73405725	0.73261368	0.73116505	0.72982740	0.72848558	0.72707886	0.72575760	0.72441673	0.72310042	0.72182697	0.72055340	0.71930063	0.71798384	0.71670276	0.71549505	0.71419150	0.71291876	0.71164286	0.71033883	0.70914418	0.70798218	0.70680916	0.70564294
512	20291425	1	1	1	1	1	1	1	1	1	1	1	1	1	1	1	1	1	1	1	1	1	1	1	0.99922758	0.99794698	0.99794698	0.99794698	0.99794698	0.99788678	0.99776822	0.99760234	0.99755931	0.99730814	0.99692756	0.99657506	0.99618614	0.99562621	0.99497938	0.99460572	0.99416387	0.99353421	0.99305522	0.99300063	0.99243367	0.99172193	0.99100119	0.99033821	0.98971528	0.98907757	0.98816830	0.98722833	0.98640954	0.98584014	0.98493141	0.98410404	0.98323166	0.98228616	0.98140162	0.98062813	0.97970116	0.97877175	0.97774827	0.97673339	0.97583723	0.97472161	0.97366685	0.97231406	0.97106576	0.96999174	0.96888691	0.96785563	0.96673143	0.96577662	0.96480334	0.96359450	0.96238321	0.96125704	0.96015638	0.95881552	0.95749193	0.95624632	0.95487088	0.95337844	0.95203125	0.95058745	0.94927901	0.94782311	0.94647837	0.94506490	0.94367874	0.94226146	0.94066584	0.93913662	0.93754065	0.93605703	0.93451560	0.93306601	0.93148339	0.93015766	0.92862487	0.92719239	0.92553872	0.92403936	0.92236608	0.92076236	0.91913629	0.91743433	0.91580397	0.91401207	0.91236722	0.91060746	0.90889323	0.90707797	0.90534306	0.90355659	0.90160441	0.89988703	0.89805448	0.89635915	0.89457446	0.89271587	0.89077789	0.88883001	0.88701934	0.88517320	0.88328248	0.88133377	0.87928241	0.87749195	0.87553871	0.87366635	0.87188160	0.86997980	0.86799312	0.86596596	0.86394393	0.86197662	0.86000711	0.85807455	0.85609591	0.85403013	0.85200995	0.85000962	0.84789044	0.84584302	0.84386963	0.84188503	0.83985716	0.83777899	0.83572650	0.83368891	0.83165687	0.82963908	0.82765234	0.82564270	0.82358283	0.82150757	0.81946677	0.81742018	0.81533676	0.81336433	0.81126779	0.80927354	0.80722290	0.80527306	0.80335915	0.80140150	0.79940343	0.79747093	0.79554373	0.79357493	0.79166067	0.78976071	0.78788775	0.78609073	0.78415012	0.78227806	0.78039759	0.77856630	0.77671409	0.77488166	0.77313477	0.77130097	0.76954591	0.76774532	0.76601696	0.76429886	0.76249605	0.76080471	0.75910473	0.75740176	0.75577146	0.75410146	0.75247341	0.75087303	0.74925542	0.74765545	0.74604011	0.74447703	0.74298251	0.74143386	0.73988485	0.73834324	0.73684353	0.73538399	0.73386908	0.73242074	0.73099405	0.72959244	0.72815800	0.72671962	0.72529250	0.72396398	0.72256118	0.72120076	0.71985716	0.71849543	0.71719313	0.71593928	0.71462268	0.71336693	0.71214718	0.71089119	0.70966494	0.70840532	0.70717430	0.70592505	0.70469606	0.70356536	0.70241922	0.70127344	0.70011485	0.69896990	0.69782782	0.69672781	0.69566435	0.69454145	0.69350839	0.69243616	0.69133943	0.69030207	0.68926835	0.68821478	0.68720865	0.68621063	0.68518877	0.68417168	0.68319362	0.68219137	0.68121827	0.68026501	0.67931223	0.67836368	0.67740875	0.67647970	0.67555827	0.67461956	0.67371809
724	24365134	1	1	1	1	1	1	1	1	1	1	1	1	1	1	1	1	1	1	1	0.99931031	0.99818009	0.99818009	0.99818009	0.99780995	0.99663591	0.99656028	0.99656028	0.99621683	0.99600244	0.99593544	0.99591422	0.99576414	0.99501818	0.99441928	0.99389285	0.99352837	0.99318552	0.99233752	0.99155635	0.99093217	0.99042243	0.98963106	0.98897934	0.98836213	0.98758131	0.98677140	0.98603469	0.98509943	0.98412716	0.98313510	0.98215848	0.98108208	0.98012030	0.97921467	0.97822106	0.97720462	0.97619474	0.97503084	0.97409868	0.97296363	0.97187614	0.97056586	0.96930224	0.96803784	0.96681648	0.96559811	0.96432132	0.96311480	0.96159077	0.96021640	0.95874995	0.95722419	0.95590276	0.95434421	0.95273834	0.95122087	0.94964343	0.94810778	0.94640261	0.94483423	0.94320738	0.94165188	0.94001335	0.93837130	0.93658561	0.93480593	0.93300629	0.93116200	0.92930990	0.92746997	0.92553562	0.92350841	0.92154551	0.91954470	0.91751868	0.91555947	0.91352230	0.91138262	0.90926737	0.90709877	0.90492332	0.90277243	0.90056705	0.89837915	0.89613312	0.89393097	0.89163041	0.88927037	0.88700342	0.88461459	0.88239211	0.88010514	0.87770176	0.87541419	0.87309867	0.87076861	0.86837125	0.86600083	0.86358923	0.86124367	0.85888708	0.85642624	0.85406131	0.85162985	0.84929597	0.84691775	0.84452277	0.84215057	0.83980250	0.83746898	0.83512545	0.83274090	0.83041030	0.82804930	0.82575220	0.82341868	0.82119590	0.81893831	0.81668037	0.81440753	0.81219488	0.80994463	0.80776960	0.80548579	0.80334586	0.80119991	0.79904521	0.79688179	0.79480928	0.79271770	0.79063529	0.78853774	0.78651059	0.78449523	0.78252518	0.78051418	0.77856719	0.77661717	0.77470833	0.77277762	0.77087140	0.76900637	0.76723778	0.76548362	0.76366645	0.76187468	0.76003969	0.75828147	0.75653976	0.75486213	0.75314003	0.75139433	0.74970841	0.74803627	0.74638081	0.74477679	0.74320298	0.74167824	0.74015146	0.73860711	0.73708087	0.73560691	0.73410797	0.73263514	0.73119760	0.72975558	0.72834474	0.72688174	0.72547656	0.72403252	0.72265637	0.72133487	0.72003901	0.71868116	0.71736479	0.71608073	0.71481299	0.71354377	0.71224594	0.71099895	0.70972955	0.70852178	0.70730871	0.70610768	0.70489281	0.70376575	0.70257181	0.70141196	0.70028818	0.69914109	0.69802868	0.69694120	0.69585913	0.69475448	0.69366437	0.69260460	0.69151872	0.69046444	0.68939811	0.68837565	0.68735301	0.68631423	0.68529105	0.68430293	0.68333179	0.68237323	0.68141955	0.68046594	0.67950678	0.67859292	0.67766988	0.67674905	0.67584735	0.67494667	0.67409664	0.67321873	0.67235100	0.67147070	0.67064202	0.66975832	0.66889405	0.66806430	0.66721785	0.66636419	0.66553199	0.66469777	0.66388208	0.66308528	0.66228950	0.66148168	0.66072154	0.65996665	0.65921569	0.65845370	0.65768766	0.65693057	0.65616024	0.65539855
1024	27210636	1	1	1	1	1	1	1	1	1	1	1	1	1	1	1	0.99936032	0.99914396	0.99914396	0.99914396	0.99907470	0.99854660	0.99812329	0.99778044	0.99760246	0.99725145	0.99672866	0.99650562	0.99628246	0.99576324	0.99504656	0.99437582	0.99378800	0.99321914	0.99246407	0.99184942	0.99109834	0.99044174	0.98963201	0.98876590	0.98794061	0.98717409	0.98634845	0.98539209	0.98445207	0.98354608	0.98256654	0.98151404	0.98044771	0.97933090	0.97821778	0.97707057	0.97586668	0.97454184	0.97330099	0.97207260	0.97079307	0.96936160	0.96795672	0.96647060	0.96496755	0.96342635	0.96186441	0.96030521	0.95862573	0.95698684	0.95529187	0.95352870	0.95173103	0.94988602	0.94792056	0.94597554	0.94390166	0.94182754	0.93975627	0.93762732	0.93544585	0.93327641	0.93106371	0.92869985	0.92632812	0.92393851	0.92146546	0.91900879	0.91656703	0.91409028	0.91150641	0.90896064	0.90644997	0.90378028	0.90117657	0.89849788	0.89581400	0.89307457	0.89039284	0.88777155	0.88506144	0.88232917	0.87958932	0.87686712	0.87417346	0.87144643	0.86874300	0.86595833	0.86324608	0.86047393	0.85779077	0.85505795	0.85236776	0.84973550	0.84707773	0.84445018	0.84184813	0.83928502	0.83668524	0.83409369	0.83154714	0.82906598	0.82659495	0.82413054	0.82171577	0.81928676	0.81686074	0.81440997	0.81201172	0.80966818	0.80731368	0.80495220	0.80260420	0.80029130	0.79802138	0.79572463	0.79352528	0.79129988	0.78906679	0.78695774	0.78481233	0.78269255	0.78064346	0.77865338	0.77663821	0.77462858	0.77264839	0.77068216	0.76873189	0.76681036	0.76488209	0.76301873	0.76116753	0.75930041	0.75749314	0.75568151	0.75391841	0.75222737	0.75056344	0.74886066	0.74722940	0.74555671	0.74390990	0.74224830	0.74065089	0.73909616	0.73758632	0.73603779	0.73452401	0.73303419	0.73152101	0.73005056	0.72861171	0.72718036	0.72578710	0.72439700	0.72307950	0.72171235	0.72034991	0.71899569	0.71768379	0.71637195	0.71507835	0.71380204	0.71254414	0.71128929	0.71008909	0.70883232	0.70759410	0.70639259	0.70524472	0.70408088	0.70293981	0.70180279	0.70065641	0.69955456	0.69844383	0.69732898	0.69623554	0.69516945	0.69408488	0.69302458	0.69200200	0.69096440	0.68996286	0.68896788	0.68797833	0.68702322	0.68605721	0.68507177	0.68411297	0.68318605	0.68226194	0.68132305	0.68040228	0.67949116	0.67857635	0.67765367	0.67676294	0.67588913	0.67502785	0.67413467	0.67328936	0.67244297	0.67163187	0.67080247	0.66996902	0.66913396	0.66833818	0.66752863	0.66672683	0.66591513	0.66513115	0.66433150	0.66354728	0.66273087	0.66197824	0.66118991	0.66044468	0.65972418	0.65895563	0.65822023	0.65746450	0.65674120	0.65603864	0.65534031	0.65461874	0.65388912	0.65319729	0.65251327	0.65180695	0.65113717	0.65045631	0.64977640	0.64909291	0.64842129	0.64777291	0.64710253	0.64645606	0.64578432	0.64514524	0.64447409	0.64385796
1448	33551629	1	1	1	1	1	1	1	1	1	1	1	1	0.99970180	0.99959850	0.99953884	0.99942356	0.99927545	0.99900663	0.99872839	0.99840856	0.99806643	0.99770278	0.99727380	0.99680585	0.99636275	0.99591833	0.99545878	0.99487543	0.99431694	0.99365908	0.99296385	0.99223340	0.99144173	0.99064595	0.98978025	0.98891592	0.98805040	0.98707598	0.98609984	0.98500365	0.98390281	0.98276836	0.98154962	0.98032671	0.97902054	0.97765648	0.97623104	0.97473568	0.97321552	0.97156149	0.96981692	0.96810734	0.96627587	0.96436059	0.96244919	0.96042573	0.95834267	0.95616758	0.95392889	0.95161265	0.94927925	0.94688219	0.94445688	0.94195116	0.93934315	0.93669641	0.93406796	0.93139076	0.92872268	0.92591804	0.92310876	0.92025912	0.91737121	0.91448206	0.91150260	0.90854418	0.90558016	0.90267670	0.89969826	0.89662355	0.89362526	0.89063048	0.88754117	0.88453376	0.88152140	0.87846446	0.87545514	0.87242544	0.86943299	0.86646146	0.86346400	0.86048353	0.85751212	0.85459077	0.85164052	0.84878570	0.84593725	0.84307683	0.84027797	0.83749360	0.83473700	0.83201569	0.82923901	0.82656288	0.82388276	0.82120979	0.81861091	0.81599665	0.81346136	0.81094694	0.80843782	0.80597806	0.80352539	0.80108273	0.79862243	0.79623216	0.79387730	0.79157650	0.78923655	0.78698421	0.78471702	0.78250092	0.78030604	0.77816528	0.77608401	0.77395374	0.77188820	0.76983607	0.76785713	0.76590323	0.76396936	0.76202196	0.76008070	0.75821388	0.75635618	0.75453371	0.75273496	0.75098914	0.74926716	0.74757355	0.74587488	0.74418646	0.74253088	0.74094057	0.73938972	0.73779738	0.73622787	0.73469061	0.73318630	0.73168916	0.73021066	0.72877210	0.72730756	0.72585541	0.72446293	0.72307938	0.72169214	0.72032195	0.71898270	0.71763384	0.71630597	0.71508455	0.71382344	0.71259272	0.71135288	0.71012121	0.70888311	0.70767587	0.70647651	0.70531809	0.70414919	0.70296431	0.70184290	0.70073646	0.69963217	0.69851911	0.69741929	0.69632047	0.69526142	0.69423181	0.69317979	0.69214648	0.69114017	0.69012958	0.68911672	0.68814063	0.68716162	0.68618488	0.68519133	0.68425983	0.68330258	0.68237448	0.68145525	0.68054336	0.67962974	0.67874455	0.67785138	0.67694688	0.67607856	0.67522848	0.67437118	0.67354017	0.67269325	0.67187130	0.67103565	0.67021334	0.66939837	0.66859746	0.66779882	0.66699386	0.66620672	0.66543651	0.66467613	0.66390741	0.66314101	0.66238731	0.66163331	0.66088104	0.66012204	0.65936327	0.65865862	0.65795660	0.65726280	0.65655214	0.65586591	0.65517265	0.65449601	0.65379131	0.65308905	0.65240180	0.65172702	0.65107572	0.65042883	0.64977813	0.64911795	0.64847159	0.64781290	0.64715499	0.64650387	0.64586616	0.64525461	0.64463818	0.64399314	0.64337975	0.64277136	0.64215285	0.64153671	0.64094257	0.64034575	0.63976610	0.63915884	0.63857245	0.63799918	0.63740367	0.63683069	0.63625669	0.63567233	0.63512343
2048	37753082	1	1	1	1	1	1	1	1	1	1	0.99989289	0.99973708	0.99964595	0.99944830	0.99925494	0.99910104	0.99876970	0.99845290	0.99818128	0.99784219	0.99745399	0.99698085	0.99648625	0.99590057	0.99530017	0.99469286	0.99405342	0.99329293	0.99256206	0.99174494	0.99094224	0.98998749	0.98900765	0.98797536	0.98688513	0.98571187	0.98445010	0.98313975	0.98171556	0.98018169	0.97859734	0.97689402	0.97509384	0.97318077	0.97128385	0.96921498	0.96707857	0.96486413	0.96261853	0.96017915	0.95770770	0.95518714	0.95261723	0.94992822	0.94717783	0.94439256	0.94150281	0.93858165	0.93558198	0.93254369	0.92950803	0.92637920	0.92326182	0.92006081	0.91682649	0.91360062	0.91034025	0.90710992	0.90391290	0.90064871	0.89735764	0.89403486	0.89069200	0.88735795	0.88409001	0.88079017	0.87751216	0.87421411	0.87095600	0.86770809	0.86446846	0.86129248	0.85817307	0.85496533	0.85185784	0.84877545	0.84572530	0.84273446	0.83971834	0.83679950	0.83389544	0.83097374	0.82810652	0.82531810	0.82250834	0.81971008	0.81698197	0.81425530	0.81158328	0.80900955	0.80643016	0.80390334	0.80142653	0.79892337	0.79650313	0.79405314	0.79161972	0.78923357	0.78690559	0.78458995	0.78231919	0.78011465	0.77797508	0.77586597	0.77373296	0.77159500	0.76952022	0.76748693	0.76550186	0.76351875	0.76160878	0.75965613	0.75779033	0.75590271	0.75407398	0.75225264	0.75045508	0.74872458	0.74701762	0.74535275	0.74370211	0.74203062	0.74041474	0.73881882	0.73723739	0.73565561	0.73412770	0.73260862	0.73114705	0.72962928	0.72818941	0.72675908	0.72534257	0.72396094	0.72260982	0.72125965	0.71994597	0.71862674	0.71728265	0.71597844	0.71467531	0.71342999	0.71221596	0.71096683	0.70975345	0.70855469	0.70739341	0.70619482	0.70503306	0.70388359	0.70272768	0.70162684	0.70051622	0.69941145	0.69831085	0.69722694	0.69617629	0.69513190	0.69410282	0.69305867	0.69204801	0.69106507	0.69005996	0.68904847	0.68805808	0.68707603	0.68611348	0.68517625	0.68424547	0.68332207	0.68239534	0.68149638	0.68058521	0.67969567	0.67881876	0.67793393	0.67704773	0.67621571	0.67536718	0.67450786	0.67367131	0.67284477	0.67201066	0.67120129	0.67039800	0.66957474	0.66879886	0.66802061	0.66725075	0.66648930	0.66572738	0.66497707	0.66418982	0.66342175	0.66268313	0.66194469	0.66122741	0.66047192	0.65973526	0.65903479	0.65832669	0.65762931	0.65692729	0.65622443	0.65552843	0.65483910	0.65416747	0.65348184	0.65280914	0.65214336	0.65147454	0.65081662	0.65015590	0.64951509	0.64889199	0.64825302	0.64762306	0.64701200	0.64638233	0.64576215	0.64515913	0.64455086	0.64395314	0.64335221	0.64275509	0.64215022	0.64153719	0.64094585	0.64034373	0.63976288	0.63919950	0.63862467	0.63807094	0.63750046	0.63693184	0.63636738	0.63579446	0.63524830	0.63469857	0.63414574	0.63359070	0.63305557	0.63251221	0.63197428	0.63143849	0.63090730	0.63035810	0.62982166
2896	41751229	1	1	1	1	1	1	1	0.99992627	0.99981177	0.99981177	0.99968374	0.99955338	0.99938291	0.99920911	0.99897105	0.99872488	0.99842644	0.99806368	0.99762893	0.99715674	0.99662739	0.99608648	0.99549198	0.99482548	0.99408066	0.99327838	0.99241078	0.99143231	0.99039471	0.98925495	0.98800457	0.98666495	0.98520714	0.98366684	0.98202741	0.98024416	0.97836000	0.97638881	0.97428977	0.97209734	0.96979165	0.96739173	0.96490175	0.96229392	0.95958227	0.95678383	0.95389462	0.95095366	0.94793957	0.94481283	0.94169247	0.93848032	0.93520242	0.93191904	0.92857945	0.92522025	0.92180717	0.91835219	0.91490722	0.91141826	0.90787542	0.90435135	0.90083927	0.89726454	0.89380181	0.89033091	0.88683552	0.88340616	0.87989426	0.87645310	0.87306058	0.86967093	0.86628860	0.86293882	0.85963595	0.85635161	0.85313678	0.84993541	0.84674120	0.84357852	0.84049523	0.83745790	0.83437878	0.83134794	0.82837963	0.82549083	0.82264751	0.81978488	0.81695765	0.81412441	0.81138909	0.80874223	0.80607074	0.80342025	0.80081522	0.79830050	0.79582614	0.79333496	0.79087770	0.78845698	0.78614122	0.78380746	0.78153467	0.77930254	0.77707958	0.77495962	0.77279282	0.77066630	0.76860839	0.76656169	0.76460046	0.76262057	0.76064163	0.75872570	0.75680989	0.75498891	0.75315267	0.75135136	0.74957716	0.74780917	0.74605680	0.74437994	0.74271631	0.74108356	0.73943460	0.73781991	0.73625559	0.73468834	0.73316085	0.73164439	0.73014981	0.72869331	0.72725445	0.72582132	0.72441328	0.72303075	0.72164983	0.72030789	0.71896476	0.71766365	0.71635622	0.71506333	0.71381491	0.71255279	0.71132624	0.71008939	0.70887971	0.70770109	0.70654738	0.70536166	0.70420045	0.70306563	0.70194709	0.70080090	0.69969505	0.69860083	0.69752574	0.69648010	0.69541723	0.69438481	0.69336563	0.69236499	0.69134599	0.69035453	0.68937439	0.68842202	0.68747032	0.68648410	0.68553543	0.68461096	0.68369567	0.68279618	0.68189651	0.68098038	0.68006921	0.67918277	0.67830443	0.67743641	0.67659110	0.67575276	0.67490608	0.67407614	0.67323577	0.67241305	0.67159206	0.67076367	0.66995490	0.66915822	0.66836470	0.66758144	0.66682506	0.66605788	0.66529989	0.66456008	0.66381568	0.66308212	0.66234559	0.66163158	0.66088438	0.66015983	0.65944260	0.65872854	0.65802270	0.65734065	0.65664917	0.65597063	0.65528160	0.65459394	0.65392882	0.65326911	0.65261090	0.65195966	0.65130067	0.65063465	0.64997238	0.64932758	0.64869523	0.64804721	0.64741820	0.64680386	0.64617735	0.64556038	0.64492881	0.64434224	0.64372963	0.64314938	0.64255893	0.64195299	0.64137703	0.64077640	0.64019555	0.63961434	0.63903606	0.63848031	0.63791627	0.63734323	0.63678074	0.63622868	0.63565487	0.63510162	0.63453531	0.63399422	0.63344705	0.63290018	0.63234895	0.63180703	0.63125986	0.63073605	0.63021231	0.62969309	0.62917501	0.62864697	0.62812567	0.62761420	0.62708741	0.62657464	0.62607235	0.62555814
4096	47478200	1	1	1	1	1	0.99991149	0.99991149	0.99989718	0.99985594	0.99976313	0.99963558	0.99948072	0.99925297	0.99900216	0.99872339	0.99838960	0.99801028	0.99755120	0.99702263	0.99642020	0.99573994	0.99494684	0.99407363	0.99308342	0.99199927	0.99079889	0.98949069	0.98805273	0.98648316	0.98479599	0.98296869	0.98101962	0.97895908	0.97678030	0.97448295	0.97206753	0.96954972	0.96689880	0.96418524	0.96132219	0.95838773	0.95535994	0.95221692	0.94903219	0.94578671	0.94247061	0.93903714	0.93559361	0.93210578	0.92855811	0.92496443	0.92138338	0.91775256	0.91408151	0.91039330	0.90673113	0.90309721	0.89948344	0.89581949	0.89221841	0.88858801	0.88495409	0.88135046	0.87774545	0.87420279	0.87068683	0.86718047	0.86368644	0.86029345	0.85689372	0.85353416	0.85018075	0.84687668	0.84362841	0.84040451	0.83722049	0.83409810	0.83098418	0.82797623	0.82497299	0.82204455	0.81914896	0.81631094	0.81347919	0.81068808	0.80796200	0.80524468	0.80258012	0.79997623	0.79739362	0.79485887	0.79231352	0.78983051	0.78740603	0.78501761	0.78267431	0.78037035	0.77810103	0.77586323	0.77368194	0.77153212	0.76944220	0.76734781	0.76531559	0.76329446	0.76132387	0.75938606	0.75746715	0.75559568	0.75375253	0.75191498	0.75015968	0.74839866	0.74663651	0.74486881	0.74316287	0.74148875	0.73984689	0.73821837	0.73660237	0.73504215	0.73348606	0.73196697	0.73047888	0.72899812	0.72755212	0.72616762	0.72473019	0.72335619	0.72195780	0.72061974	0.71929497	0.71799499	0.71669841	0.71541774	0.71415937	0.71288234	0.71164399	0.71042943	0.70921445	0.70802796	0.70684767	0.70568585	0.70457178	0.70344031	0.70233887	0.70125085	0.70017016	0.69907057	0.69800341	0.69695449	0.69589233	0.69484484	0.69381970	0.69283092	0.69182920	0.69083041	0.68984216	0.68887508	0.68791038	0.68695748	0.68603510	0.68510151	0.68417311	0.68325651	0.68234557	0.68144333	0.68056071	0.67966074	0.67878163	0.67791575	0.67707062	0.67620343	0.67537153	0.67454541	0.67373914	0.67292440	0.67212427	0.67131394	0.67051983	0.66972095	0.66892040	0.66812992	0.66736811	0.66662055	0.66585469	0.66510528	0.66437453	0.66364175	0.66291362	0.66218799	0.66148102	0.66077250	0.66007727	0.65935993	0.65865064	0.65794837	0.65727258	0.65658236	0.65588343	0.65520978	0.65452439	0.65384918	0.65319031	0.65253913	0.65188044	0.65122890	0.65058410	0.64995348	0.64932120	0.64869326	0.64806658	0.64743799	0.64683211	0.64620250	0.64558244	0.64496309	0.64436483	0.64376622	0.64318550	0.64260596	0.64201236	0.64143342	0.64084125	0.64027488	0.63970727	0.63916105	0.63860506	0.63804007	0.63749361	0.63692653	0.63637227	0.63584584	0.63529229	0.63474554	0.63420373	0.63365936	0.63313937	0.63260102	0.63206297	0.63153636	0.63101149	0.63048834	0.62996614	0.62944698	0.62891787	0.62840432	0.62788254	0.62737185	0.62686199	0.62636161	0.62586087	0.62537360	0.62487364	0.62437379	0.62387949	0.62338680	0.62288773
5792	53851455	1	1	1	1	0.99996167	0.99990016	0.99989659	0.99987793	0.99979275	0.99967629	0.99953085	0.99933290	0.99908382	0.99877793	0.99840587	0.99793667	0.99739182	0.99673325	0.99599302	0.99513417	0.99416351	0.99307299	0.99185246	0.99048543	0.98898500	0.98735285	0.98556739	0.98365599	0.98161077	0.97941267	0.97707623	0.97462755	0.97205049	0.96934992	0.96652257	0.96359313	0.96053064	0.95739770	0.95416123	0.95083112	0.94742775	0.94397110	0.94043416	0.93682939	0.93320191	0.92952108	0.92577082	0.92206454	0.91832048	0.91451216	0.91070497	0.90690565	0.90309584	0.89929235	0.89550424	0.89171022	0.88795251	0.88423049	0.88054758	0.87687832	0.87318069	0.86956376	0.86596936	0.86237729	0.85888267	0.85539085	0.85195273	0.84855062	0.84518516	0.84189194	0.83864981	0.83542901	0.83222306	0.82911062	0.82602906	0.82298517	0.81999850	0.81707072	0.81416416	0.81130731	0.80856198	0.80581051	0.80310249	0.80042297	0.79780257	0.79523844	0.79266721	0.79013741	0.78765982	0.78526640	0.78291154	0.78056341	0.77825052	0.77598011	0.77374482	0.77155173	0.76940680	0.76729041	0.76522982	0.76321673	0.76119834	0.75920820	0.75729275	0.75534403	0.75345153	0.75157034	0.74973571	0.74793100	0.74616045	0.74441683	0.74269211	0.74098015	0.73931521	0.73770398	0.73606592	0.73446983	0.73289382	0.73133540	0.72981018	0.72832668	0.72687662	0.72544742	0.72401243	0.72259808	0.72121280	0.71982950	0.71849996	0.71715933	0.71586460	0.71458560	0.71331155	0.71206003	0.71079832	0.70955908	0.70832551	0.70716554	0.70600575	0.70484048	0.70365310	0.70256156	0.70144588	0.70033550	0.69923753	0.69816691	0.69710767	0.69602984	0.69498855	0.69395643	0.69293517	0.69192928	0.69093090	0.68996364	0.68899834	0.68802661	0.68707013	0.68611795	0.68521070	0.68426621	0.68333822	0.68241280	0.68151546	0.68060994	0.67974210	0.67887479	0.67799830	0.67711586	0.67627853	0.67541981	0.67458373	0.67374641	0.67291981	0.67207491	0.67127335	0.67047602	0.66967851	0.66889775	0.66813076	0.66733974	0.66655612	0.66579342	0.66505283	0.66429466	0.66354823	0.66280645	0.66207087	0.66135454	0.66063446	0.65992326	0.65921104	0.65850091	0.65780771	0.65711510	0.65644211	0.65576982	0.65510076	0.65444827	0.65379721	0.65313274	0.65247196	0.65182108	0.65117037	0.65054375	0.64990431	0.64926350	0.64863020	0.64800876	0.64738822	0.64676678	0.64614129	0.64551884	0.64491469	0.64430583	0.64369881	0.64310253	0.64251697	0.64192873	0.64133477	0.64075869	0.64018565	0.63960093	0.63902247	0.63846141	0.63790721	0.63732821	0.63676363	0.63621598	0.63567293	0.63510644	0.63456047	0.63400990	0.63346148	0.63290673	0.63236940	0.63182741	0.63129979	0.63076073	0.63023323	0.62970173	0.62918639	0.62868762	0.62816858	0.62766093	0.62714958	0.62662548	0.62612373	0.62562281	0.62511522	0.62461317	0.62411547	0.62363219	0.62313706	0.62264240	0.62215507	0.62166506	0.62118757	0.62070471	0.62022865	0.61974996
8192	59295951	1	1	1	1	0.99997544	0.99995029	0.99990839	0.99984753	0.99974906	0.99959499	0.99938107	0.99909693	0.99872535	0.99826008	0.99768978	0.99699867	0.99618882	0.99524957	0.99418551	0.99297422	0.99163681	0.99014169	0.98849922	0.98673648	0.98481250	0.98274857	0.98053825	0.97817135	0.97566837	0.97305346	0.97029471	0.96744257	0.96442932	0.96132129	0.95808548	0.95477843	0.95137656	0.94790101	0.94436526	0.94075739	0.93706059	0.93333191	0.92955834	0.92572892	0.92188972	0.91803288	0.91419196	0.91036582	0.90648943	0.90260381	0.89874059	0.89487880	0.89106715	0.88727391	0.88349038	0.87968206	0.87598348	0.87226224	0.86858755	0.86495715	0.86135924	0.85779053	0.85430437	0.85082674	0.84744567	0.84408021	0.84075719	0.83742583	0.83418703	0.83101118	0.82785958	0.82474881	0.82170868	0.81873012	0.81580567	0.81288278	0.81003046	0.80722195	0.80448115	0.80175811	0.79907930	0.79643768	0.79387498	0.79137564	0.78886878	0.78643280	0.78402096	0.78166091	0.77934039	0.77707076	0.77484751	0.77265453	0.77048522	0.76832396	0.76623684	0.76418328	0.76218969	0.76022619	0.75828016	0.75637752	0.75448215	0.75262904	0.75081074	0.74900573	0.74724376	0.74551189	0.74382603	0.74211311	0.74044669	0.73882234	0.73724276	0.73566371	0.73410630	0.73260140	0.73109162	0.72959769	0.72810465	0.72664464	0.72522289	0.72382611	0.72243011	0.72105175	0.71974951	0.71842259	0.71709985	0.71579957	0.71449584	0.71322614	0.71195310	0.71072286	0.70950675	0.70830840	0.70712709	0.70596927	0.70480758	0.70366341	0.70252305	0.70140356	0.70031160	0.69923323	0.69817728	0.69711441	0.69604391	0.69499177	0.69396633	0.69294983	0.69193512	0.69094360	0.68996924	0.68899262	0.68802410	0.68705523	0.68611032	0.68517178	0.68425250	0.68334353	0.68244201	0.68154186	0.68064225	0.67974925	0.67887527	0.67800426	0.67714173	0.67627728	0.67542070	0.67459166	0.67377627	0.67296851	0.67214662	0.67132998	0.67053688	0.66974902	0.66895896	0.66817111	0.66740686	0.66664070	0.66589063	0.66512907	0.66437137	0.66362339	0.66289425	0.66214520	0.66140866	0.66068244	0.65996343	0.65925908	0.65855271	0.65784633	0.65713781	0.65645546	0.65577674	0.65509683	0.65441734	0.65375334	0.65308911	0.65242326	0.65178442	0.65112674	0.65047354	0.64983541	0.64919388	0.64856392	0.64793003	0.64730155	0.64668107	0.64605701	0.64544481	0.64483029	0.64422840	0.64361954	0.64302200	0.64242411	0.64182806	0.64125162	0.64065444	0.64007914	0.63949633	0.63891888	0.63834924	0.63778043	0.63722086	0.63665450	0.63610429	0.63554418	0.63499826	0.63445055	0.63389862	0.63337290	0.63283426	0.63229394	0.63176101	0.63123542	0.63070816	0.63018912	0.62967622	0.62916458	0.62864161	0.62811929	0.62760228	0.62708843	0.62658256	0.62607485	0.62556547	0.62506235	0.62456012	0.62406850	0.62356842	0.62308043	0.62258762	0.62210202	0.62162423	0.62113929	0.62067086	0.62019825	0.61971664	0.61924475	0.61876643	0.61830157
11585	64299420	1	1	1	0.99998081	0.99996030	0.99993265	0.99987632	0.99978924	0.99964380	0.99942678	0.99912769	0.99872530	0.99821270	0.99758440	0.99681097	0.99590260	0.99485457	0.99368036	0.99235725	0.99086922	0.98923868	0.98744905	0.98549223	0.98338437	0.98112726	0.97875494	0.97621554	0.97352070	0.97069871	0.96772885	0.96465379	0.96144587	0.95814115	0.95475733	0.95126271	0.94769973	0.94405538	0.94033009	0.93654549	0.93273813	0.92889947	0.92503977	0.92113167	0.91718370	0.91323644	0.90927392	0.90529281	0.90135133	0.89743906	0.89355510	0.88963515	0.88576370	0.88193703	0.87812293	0.87434548	0.87057632	0.86686659	0.86317015	0.85954672	0.85596925	0.85244060	0.84895360	0.84551919	0.84212381	0.83880204	0.83550006	0.83225793	0.82907140	0.82594794	0.82283777	0.81979495	0.81677330	0.81383699	0.81092775	0.80809712	0.80530959	0.80255455	0.79984820	0.79717451	0.79454142	0.79195648	0.78943443	0.78697497	0.78449905	0.78210855	0.77975428	0.77746075	0.77520418	0.77298927	0.77079833	0.76864797	0.76654029	0.76444340	0.76242638	0.76041758	0.75844264	0.75650680	0.75459301	0.75272727	0.75088340	0.74906683	0.74730372	0.74553025	0.74382824	0.74211448	0.74043441	0.73881078	0.73717946	0.73558599	0.73402995	0.73249209	0.73094827	0.72945905	0.72796285	0.72648668	0.72502679	0.72361439	0.72221977	0.72082418	0.71945632	0.71812201	0.71679777	0.71548468	0.71421391	0.71295804	0.71169537	0.71045220	0.70925349	0.70805502	0.70684636	0.70565647	0.70449066	0.70333123	0.70218152	0.70106232	0.69996476	0.69886577	0.69778317	0.69672745	0.69565564	0.69460630	0.69357026	0.69254732	0.69153237	0.69052851	0.68954444	0.68855226	0.68756783	0.68659276	0.68563062	0.68467808	0.68374509	0.68281937	0.68190694	0.68099135	0.68010026	0.67921811	0.67833900	0.67746317	0.67660135	0.67573750	0.67488754	0.67404699	0.67322415	0.67239726	0.67160076	0.67082089	0.67001486	0.66922945	0.66844761	0.66766989	0.66689438	0.66613197	0.66536355	0.66460693	0.66385067	0.66310340	0.66237986	0.66164613	0.66093171	0.66023231	0.65953350	0.65882081	0.65811580	0.65740722	0.65670967	0.65602642	0.65533704	0.65464866	0.65397972	0.65331715	0.65264487	0.65199441	0.65135634	0.65071160	0.65006405	0.64942378	0.64877695	0.64814067	0.64751476	0.64688319	0.64626366	0.64565045	0.64503330	0.64442790	0.64382029	0.64322037	0.64262283	0.64202827	0.64143616	0.64085525	0.64026731	0.63969171	0.63911766	0.63854456	0.63797426	0.63740331	0.63683701	0.63627797	0.63571841	0.63516986	0.63461989	0.63407087	0.63353932	0.63299048	0.63244981	0.63191885	0.63137966	0.63084567	0.63032085	0.62979370	0.62926918	0.62874293	0.62823039	0.62771517	0.62720048	0.62669086	0.62618470	0.62567741	0.62517178	0.62467003	0.62417203	0.62367457	0.62318224	0.62268752	0.62219584	0.62171024	0.62122273	0.62073958	0.62025845	0.61977649	0.61930376	0.61882979	0.61836261	0.61789048	0.61742109	0.61695862	0.61650264
16384	66622749	1	1	1	0.99997258	0.99995524	0.99991488	0.99983460	0.99970120	0.99949253	0.99918294	0.99875671	0.99821144	0.99752659	0.99671787	0.99574941	0.99463344	0.99335855	0.99193215	0.99035454	0.98862994	0.98673528	0.98468930	0.98248428	0.98012018	0.97762406	0.97495401	0.97215337	0.96922463	0.96615440	0.96298093	0.95966923	0.95626426	0.95277244	0.94918692	0.94552904	0.94179082	0.93796647	0.93413079	0.93021411	0.92627621	0.92230791	0.91832936	0.91431713	0.91031134	0.90632516	0.90231812	0.89831752	0.89435959	0.89040065	0.88645911	0.88256669	0.87870449	0.87486482	0.87106919	0.86732084	0.86360043	0.85992998	0.85632461	0.85276431	0.84920967	0.84572977	0.84228152	0.83888268	0.83555561	0.83228528	0.82905555	0.82585800	0.82275963	0.81967998	0.81665659	0.81367534	0.81076628	0.80790627	0.80511606	0.80233186	0.79963416	0.79695600	0.79433167	0.79174459	0.78918755	0.78669417	0.78422904	0.78182966	0.77945232	0.77712637	0.77482855	0.77259225	0.77038413	0.76821411	0.76608652	0.76400656	0.76194537	0.75992477	0.75793445	0.75597858	0.75407696	0.75221115	0.75037956	0.74853992	0.74674302	0.74498349	0.74325520	0.74153960	0.73985583	0.73821127	0.73657984	0.73497373	0.73338103	0.73181492	0.73027277	0.72877151	0.72728181	0.72582942	0.72438318	0.72296339	0.72157949	0.72020710	0.71885419	0.71751124	0.71619153	0.71488869	0.71360523	0.71232247	0.71106631	0.70982856	0.70861131	0.70741659	0.70623881	0.70505065	0.70389801	0.70273709	0.70158625	0.70045757	0.69934547	0.69824880	0.69717544	0.69610184	0.69503492	0.69396836	0.69294357	0.69191748	0.69091922	0.68990988	0.68890631	0.68792230	0.68697256	0.68601108	0.68506330	0.68412352	0.68319088	0.68227810	0.68137431	0.68047923	0.67957711	0.67869878	0.67781043	0.67693794	0.67608571	0.67522204	0.67437238	0.67352557	0.67270398	0.67187500	0.67105806	0.67023778	0.66943777	0.66864556	0.66785437	0.66708487	0.66631067	0.66554004	0.66478533	0.66402417	0.66328508	0.66254050	0.66180265	0.66107160	0.66034061	0.65962350	0.65891254	0.65819925	0.65749311	0.65679240	0.65609533	0.65541714	0.65473682	0.65405458	0.65338707	0.65271443	0.65204608	0.65139049	0.65073764	0.65009278	0.64944530	0.64879632	0.64815307	0.64751494	0.64688236	0.64627188	0.64564455	0.64502102	0.64440703	0.64381123	0.64320594	0.64260298	0.64199865	0.64140719	0.64082122	0.64023769	0.63965642	0.63907641	0.63850057	0.63793302	0.63736391	0.63679343	0.63622528	0.63566071	0.63511658	0.63455909	0.63400447	0.63345557	0.63290459	0.63235855	0.63181448	0.63127512	0.63073897	0.63020474	0.62968135	0.62915206	0.62863821	0.62812012	0.62759793	0.62708062	0.62656862	0.62606245	0.62556148	0.62505382	0.62455207	0.62406224	0.62356067	0.62307733	0.62258226	0.62209499	0.62161016	0.62112206	0.62064105	0.62015879	0.61968428	0.61920792	0.61873120	0.61825693	0.61778575	0.61731184	0.61684418	0.61637747	0.61592197	0.61545718	0.61499768
23170	58977705	1	1	0.99998832	0.99997598	0.99994677	0.99988836	0.99977678	0.99958724	0.99930459	0.99890482	0.99836880	0.99769211	0.99686259	0.99589914	0.99477744	0.99349827	0.99205500	0.99046385	0.98872018	0.98682135	0.98475969	0.98253149	0.98015296	0.97759622	0.97489333	0.97206306	0.96908450	0.96598017	0.96275127	0.95941442	0.95596880	0.95243871	0.94880569	0.94508952	0.94132370	0.93746191	0.93356711	0.92962617	0.92563909	0.92162287	0.91760278	0.91354102	0.90949225	0.90543193	0.90138322	0.89736748	0.89336747	0.88935775	0.88539833	0.88144374	0.87752736	0.87367058	0.86982411	0.86604530	0.86229360	0.85860759	0.85494924	0.85133106	0.84776717	0.84426165	0.84080178	0.83741736	0.83409208	0.83080041	0.82754230	0.82436812	0.82122284	0.81813884	0.81508797	0.81213796	0.80918998	0.80633342	0.80348128	0.80068970	0.79797024	0.79529977	0.79265165	0.79006910	0.78752756	0.78503454	0.78256756	0.78014964	0.77778029	0.77545118	0.77316576	0.77092499	0.76872963	0.76658189	0.76445258	0.76236963	0.76031888	0.75830144	0.75631750	0.75437897	0.75246841	0.75059777	0.74875164	0.74695128	0.74516416	0.74341691	0.74168026	0.73998457	0.73831457	0.73667836	0.73506814	0.73348349	0.73191690	0.73035955	0.72881699	0.72731471	0.72583693	0.72437531	0.72293639	0.72152478	0.72012156	0.71875399	0.71740478	0.71607977	0.71475250	0.71344543	0.71216398	0.71089900	0.70965296	0.70841491	0.70719975	0.70600212	0.70481426	0.70364147	0.70248401	0.70134252	0.70021278	0.69909191	0.69798428	0.69688702	0.69580990	0.69474536	0.69368744	0.69265401	0.69162029	0.69060099	0.68960023	0.68859589	0.68760562	0.68663323	0.68567204	0.68470812	0.68376207	0.68282604	0.68189204	0.68097496	0.68007278	0.67916286	0.67827296	0.67738301	0.67651093	0.67564481	0.67479497	0.67394674	0.67310315	0.67226446	0.67143041	0.67061436	0.66979629	0.66899747	0.66818935	0.66738850	0.66660774	0.66582882	0.66505569	0.66429836	0.66354924	0.66280317	0.66204804	0.66130519	0.66056299	0.65982991	0.65911007	0.65839094	0.65768158	0.65696990	0.65626466	0.65556633	0.65487319	0.65418577	0.65350145	0.65282148	0.65214199	0.65147054	0.65080231	0.65014845	0.64948994	0.64884490	0.64819711	0.64755315	0.64691985	0.64628828	0.64566696	0.64504784	0.64442497	0.64381152	0.64319658	0.64258730	0.64197952	0.64137673	0.64077586	0.64018023	0.63958752	0.63899809	0.63841331	0.63783139	0.63726139	0.63668722	0.63611948	0.63554949	0.63498330	0.63442957	0.63387150	0.63331509	0.63276708	0.63222373	0.63168150	0.63113487	0.63059598	0.63006490	0.62952858	0.62899768	0.62846708	0.62794042	0.62741941	0.62689805	0.62638110	0.62586349	0.62535012	0.62484503	0.62433928	0.62383920	0.62334132	0.62284136	0.62234336	0.62184948	0.62135911	0.62086719	0.62038606	0.61989576	0.61941111	0.61892807	0.61844903	0.61797041	0.61749566	0.61702812	0.61656481	0.61609495	0.61562937	0.61516273	0.61470073	0.61424065	0.61378253	0.61332846
32768	50372910	1	1	0.99998605	0.99996591	0.99992460	0.99984211	0.99969208	0.99945498	0.99909705	0.99861336	0.99798548	0.99721718	0.99629259	0.99521190	0.99397081	0.99256879	0.99101400	0.98931038	0.98740464	0.98535764	0.98313975	0.98074359	0.97820008	0.97549826	0.97264892	0.96965891	0.96653169	0.96326166	0.95986515	0.95638472	0.95279020	0.94911605	0.94535393	0.94152021	0.93760115	0.93363488	0.92963481	0.92558485	0.92155808	0.91748530	0.91339457	0.90930808	0.90523106	0.90114576	0.89707947	0.89303136	0.88897216	0.88494837	0.88095182	0.87701154	0.87312502	0.86927545	0.86546260	0.86169589	0.85795301	0.85427684	0.85065269	0.84709293	0.84354967	0.84007710	0.83663011	0.83324444	0.82994699	0.82668561	0.82348084	0.82035172	0.81726235	0.81418604	0.81119072	0.80823940	0.80536157	0.80251056	0.79970187	0.79695898	0.79425037	0.79161406	0.78902668	0.78645438	0.78396547	0.78151238	0.77911413	0.77675158	0.77441758	0.77213728	0.76989865	0.76771218	0.76555640	0.76343071	0.76133597	0.75928301	0.75726455	0.75529885	0.75335169	0.75144094	0.74955058	0.74769306	0.74589521	0.74411190	0.74234432	0.74060184	0.73892885	0.73725837	0.73561162	0.73398262	0.73239744	0.73083043	0.72929966	0.72778749	0.72629106	0.72483557	0.72336888	0.72193491	0.72052896	0.71912622	0.71774989	0.71640545	0.71507829	0.71376699	0.71245843	0.71116292	0.70989543	0.70866334	0.70743269	0.70622766	0.70503378	0.70384341	0.70267743	0.70152676	0.70039064	0.69925827	0.69815063	0.69705188	0.69596589	0.69489652	0.69382715	0.69277996	0.69176263	0.69073641	0.68972540	0.68872118	0.68772388	0.68674004	0.68577713	0.68481600	0.68386114	0.68292457	0.68198824	0.68106872	0.68015349	0.67924887	0.67834920	0.67746276	0.67658782	0.67571253	0.67485273	0.67399472	0.67315108	0.67231154	0.67148066	0.67066801	0.66986001	0.66905254	0.66824698	0.66744918	0.66665828	0.66587353	0.66509998	0.66433406	0.66357106	0.66281396	0.66206390	0.66131651	0.66057581	0.65985042	0.65912485	0.65840995	0.65769309	0.65697891	0.65627259	0.65557200	0.65488243	0.65419239	0.65351671	0.65283430	0.65215987	0.65149766	0.65083212	0.65017086	0.64951509	0.64886475	0.64821845	0.64757997	0.64694661	0.64631659	0.64568239	0.64505839	0.64443743	0.64381975	0.64320195	0.64259720	0.64199191	0.64139009	0.64079970	0.64020431	0.63961267	0.63902366	0.63844192	0.63785785	0.63727987	0.63671470	0.63614100	0.63556904	0.63500321	0.63444310	0.63388568	0.63333619	0.63278288	0.63223225	0.63168657	0.63114512	0.63060385	0.63007146	0.62953442	0.62899929	0.62846929	0.62794203	0.62741721	0.62689459	0.62638247	0.62586725	0.62535435	0.62484628	0.62434363	0.62383777	0.62333608	0.62283909	0.62234074	0.62184530	0.62134868	0.62086266	0.62037498	0.61989391	0.61940849	0.61892670	0.61845028	0.61797404	0.61750329	0.61702907	0.61655957	0.61609370	0.61562800	0.61516577	0.61470336	0.61424690	0.61378968	0.61333483	0.61288130	0.61242789
46340	39452274	1	1	0.99997884	0.99995393	0.99989563	0.99977946	0.99958527	0.99929041	0.99887317	0.99831671	0.99761426	0.99674785	0.99573261	0.99454719	0.99319601	0.99168605	0.99000728	0.98814189	0.98611808	0.98391497	0.98155373	0.97902983	0.97635424	0.97349185	0.97050524	0.96738511	0.96411949	0.96071130	0.95720124	0.95357662	0.94987464	0.94607258	0.94219291	0.93827438	0.93431240	0.93028176	0.92620903	0.92208797	0.91797048	0.91383058	0.90968758	0.90555507	0.90141594	0.89731276	0.89319831	0.88911545	0.88506854	0.88101250	0.87703860	0.87307692	0.86916101	0.86528099	0.86147845	0.85770726	0.85398722	0.85029119	0.84669936	0.84313452	0.83963519	0.83619714	0.83279216	0.82943809	0.82614458	0.82289028	0.81971842	0.81658924	0.81351417	0.81047326	0.80750245	0.80460215	0.80176783	0.79894024	0.79617149	0.79347086	0.79080683	0.78820330	0.78564805	0.78313714	0.78068674	0.77826703	0.77588290	0.77353936	0.77122903	0.76898253	0.76676702	0.76458067	0.76245362	0.76036459	0.75830811	0.75629425	0.75430948	0.75236112	0.75044173	0.74858063	0.74672550	0.74491405	0.74312782	0.74136424	0.73963439	0.73792052	0.73624915	0.73459995	0.73297703	0.73139465	0.72982341	0.72827333	0.72675675	0.72525942	0.72378224	0.72233456	0.72092414	0.71951634	0.71813208	0.71674931	0.71538937	0.71405679	0.71273917	0.71143889	0.71016622	0.70889300	0.70764375	0.70640361	0.70518857	0.70398039	0.70280498	0.70163310	0.70049173	0.69935119	0.69822186	0.69711459	0.69601530	0.69493049	0.69385248	0.69278705	0.69172770	0.69069481	0.68966860	0.68864369	0.68763924	0.68665838	0.68567473	0.68469816	0.68373883	0.68278295	0.68183833	0.68091553	0.67999130	0.67907989	0.67818743	0.67729372	0.67641437	0.67553550	0.67467409	0.67381144	0.67295903	0.67211854	0.67128003	0.67044550	0.66962689	0.66880381	0.66798985	0.66718912	0.66639596	0.66561264	0.66483098	0.66405654	0.66328514	0.66252482	0.66177458	0.66102421	0.66028136	0.65954733	0.65880966	0.65808821	0.65736681	0.65664971	0.65593868	0.65523130	0.65453267	0.65383464	0.65315390	0.65246469	0.65178919	0.65111119	0.65043783	0.64976841	0.64910245	0.64845079	0.64779425	0.64715326	0.64651048	0.64586985	0.64523631	0.64460427	0.64397645	0.64336115	0.64274096	0.64212817	0.64151794	0.64091289	0.64030683	0.63970870	0.63911211	0.63851792	0.63792694	0.63734496	0.63676107	0.63618195	0.63561195	0.63504380	0.63447630	0.63391507	0.63334996	0.63279331	0.63224179	0.63168985	0.63113451	0.63058525	0.63004303	0.62950218	0.62897062	0.62843448	0.62790644	0.62737721	0.62685782	0.62633425	0.62581557	0.62529761	0.62479043	0.62427849	0.62376726	0.62325883	0.62275440	0.62225360	0.62175268	0.62125576	0.62076217	0.62027270	0.61978233	0.61929518	0.61881161	0.61833340	0.61785632	0.61737949	0.61690295	0.61643124	0.61595958	0.61549294	0.61502880	0.61456555	0.61410391	0.61364365	0.61318165	0.61272454	0.61227143	0.61182028	0.61137336	0.61092067
65536	28525742	1	0.99999088	0.99997717	0.99994141	0.99986511	0.99973595	0.99951649	0.99918586	0.99873036	0.99811864	0.99736339	0.99643463	0.99533802	0.99409682	0.99265462	0.99106383	0.98929596	0.98736262	0.98524201	0.98296219	0.98051971	0.97790331	0.97514349	0.97221404	0.96916324	0.96593249	0.96258247	0.95910877	0.95552093	0.95183420	0.94806182	0.94420266	0.94029611	0.93631405	0.93227863	0.92818332	0.92411083	0.91996390	0.91578853	0.91159421	0.90742147	0.90326458	0.89912194	0.89498043	0.89086396	0.88677722	0.88269627	0.87866068	0.87466133	0.87070948	0.86679494	0.86292696	0.85910559	0.85536492	0.85167187	0.84801137	0.84441054	0.84084082	0.83735698	0.83391005	0.83053112	0.82718664	0.82390457	0.82068014	0.81750834	0.81437516	0.81131703	0.80830789	0.80536956	0.80247712	0.79962260	0.79682851	0.79409415	0.79139626	0.78875506	0.78615320	0.78360212	0.78111482	0.77866393	0.77625853	0.77389157	0.77155399	0.76928896	0.76704574	0.76485121	0.76269096	0.76056850	0.75849968	0.75646889	0.75445968	0.75249684	0.75057244	0.74867010	0.74678874	0.74494624	0.74313450	0.74134690	0.73959452	0.73788071	0.73619580	0.73453844	0.73289967	0.73128068	0.72968525	0.72812438	0.72658944	0.72507435	0.72358161	0.72212017	0.72067297	0.71925932	0.71786028	0.71648979	0.71512967	0.71378547	0.71245486	0.71115279	0.70986670	0.70859861	0.70733929	0.70610523	0.70488077	0.70367575	0.70248896	0.70130998	0.70015144	0.69900650	0.69787163	0.69674838	0.69564611	0.69456363	0.69347495	0.69241178	0.69136488	0.69032073	0.68928790	0.68826073	0.68724948	0.68625069	0.68526560	0.68428767	0.68332058	0.68236166	0.68141627	0.68047732	0.67955899	0.67864114	0.67772585	0.67682779	0.67593920	0.67505741	0.67418975	0.67332691	0.67247123	0.67163134	0.67078614	0.66995364	0.66912329	0.66830349	0.66748917	0.66668558	0.66589183	0.66510159	0.66431409	0.66353619	0.66276366	0.66199577	0.66124076	0.66048646	0.65973473	0.65899616	0.65825808	0.65753871	0.65681297	0.65609747	0.65538615	0.65467876	0.65398312	0.65328544	0.65258926	0.65190357	0.65122879	0.65055043	0.64988583	0.64921695	0.64855665	0.64790606	0.64725363	0.64660698	0.64596397	0.64531982	0.64468062	0.64405137	0.64342207	0.64280432	0.64219081	0.64157379	0.64096004	0.64035296	0.63974810	0.63914824	0.63855422	0.63795996	0.63737464	0.63679343	0.63620931	0.63563240	0.63505763	0.63448590	0.63391399	0.63334930	0.63278747	0.63223475	0.63168752	0.63113546	0.63058668	0.63003892	0.62949556	0.62895733	0.62841988	0.62788403	0.62735295	0.62682593	0.62630135	0.62578148	0.62525767	0.62473577	0.62421900	0.62371111	0.62319952	0.62269247	0.62218463	0.62168068	0.62117833	0.62067878	0.62018663	0.61969584	0.61920488	0.61871463	0.61822653	0.61774236	0.61726314	0.61678302	0.61630428	0.61582881	0.61535859	0.61488765	0.61441791	0.61395651	0.61349577	0.61303622	0.61258250	0.61212760	0.61167258	0.61121941	0.61077058	0.61032182	0.60987520
92681	18120340	1	0.99999011	0.99996978	0.99992627	0.99984449	0.99968761	0.99944913	0.99907857	0.99857670	0.99792480	0.99711311	0.99613917	0.99498910	0.99368393	0.99220902	0.99056876	0.98875779	0.98674822	0.98456287	0.98221707	0.97969091	0.97700679	0.97416699	0.97120970	0.96807069	0.96481550	0.96142751	0.95793444	0.95433503	0.95062900	0.94681299	0.94293362	0.93897009	0.93495476	0.93090880	0.92680591	0.92265010	0.91850042	0.91431981	0.91012990	0.90591508	0.90174204	0.89756066	0.89340192	0.88925415	0.88509738	0.88101667	0.87696826	0.87293214	0.86897355	0.86507195	0.86118859	0.85736644	0.85358727	0.84983122	0.84615046	0.84251803	0.83892912	0.83540922	0.83195829	0.82856053	0.82519084	0.82190311	0.81865180	0.81546938	0.81233042	0.80924439	0.80622876	0.80326372	0.80036348	0.79750967	0.79472059	0.79197401	0.78927338	0.78662843	0.78401703	0.78145117	0.77896118	0.77650988	0.77409226	0.77171785	0.76938325	0.76709145	0.76483083	0.76264703	0.76045990	0.75835770	0.75626898	0.75423062	0.75221914	0.75023699	0.74829388	0.74639940	0.74451584	0.74266541	0.74083698	0.73906481	0.73731232	0.73557752	0.73389322	0.73221862	0.73058349	0.72897112	0.72738904	0.72582179	0.72429782	0.72277969	0.72130215	0.71982944	0.71837980	0.71695232	0.71555477	0.71416646	0.71279192	0.71144760	0.71011496	0.70880246	0.70750695	0.70623744	0.70497876	0.70373422	0.70250851	0.70130116	0.70011479	0.69894189	0.69777387	0.69661528	0.69548243	0.69437212	0.69325739	0.69215989	0.69109625	0.69002879	0.68897843	0.68792504	0.68688846	0.68587083	0.68485796	0.68385214	0.68286544	0.68189174	0.68092537	0.67996794	0.67902035	0.67806840	0.67714494	0.67621839	0.67530751	0.67441177	0.67351604	0.67263377	0.67175061	0.67088318	0.67002571	0.66916811	0.66831332	0.66747147	0.66664982	0.66583437	0.66502249	0.66420692	0.66341347	0.66261810	0.66184598	0.66106486	0.66029310	0.65952861	0.65876931	0.65801442	0.65726650	0.65651870	0.65578997	0.65505850	0.65432721	0.65361065	0.65289730	0.65219003	0.65149033	0.65079451	0.65010452	0.64941907	0.64873379	0.64805424	0.64738071	0.64671457	0.64605415	0.64538801	0.64473605	0.64408332	0.64343703	0.64279085	0.64215946	0.64152521	0.64089119	0.64026624	0.63964140	0.63902706	0.63842547	0.63781869	0.63721627	0.63661873	0.63603121	0.63543594	0.63484305	0.63425410	0.63366866	0.63309091	0.63251603	0.63194019	0.63137013	0.63080806	0.63024831	0.62969065	0.62913394	0.62858289	0.62803370	0.62749285	0.62694681	0.62640923	0.62587327	0.62533998	0.62481058	0.62427902	0.62375915	0.62323844	0.62272662	0.62221438	0.62170821	0.62119532	0.62069780	0.62019497	0.61969298	0.61919218	0.61869603	0.61820197	0.61771214	0.61721927	0.61673230	0.61624670	0.61576581	0.61527967	0.61480176	0.61432135	0.61384672	0.61337644	0.61290890	0.61244082	0.61197400	0.61151665	0.61105251	0.61059356	0.61013395	0.60968351	0.60923243	0.60878146	0.60833323	0.60788071	0.60744351
131072	9883667	1	0.99998641	0.99995703	0.99990237	0.99980330	0.99963540	0.99937975	0.99899936	0.99847442	0.99779844	0.99695432	0.99592727	0.99474198	0.99340171	0.99191195	0.99021924	0.98834741	0.98627341	0.98403281	0.98162651	0.97905540	0.97629130	0.97339088	0.97032231	0.96711743	0.96376830	0.96029317	0.95674664	0.95306236	0.94927973	0.94541609	0.94143659	0.93744814	0.93340254	0.92929083	0.92507720	0.92089623	0.91667074	0.91244042	0.90818274	0.90395451	0.89971554	0.89549094	0.89125836	0.88711280	0.88297677	0.87887299	0.87478822	0.87075561	0.86674356	0.86282533	0.85893506	0.85510164	0.85129458	0.84754658	0.84385449	0.84019935	0.83664012	0.83312786	0.82967567	0.82626384	0.82288241	0.81959474	0.81633627	0.81315804	0.81002212	0.80693501	0.80392653	0.80093402	0.79802489	0.79515570	0.79237723	0.78964204	0.78693068	0.78428501	0.78167677	0.77914035	0.77663612	0.77421576	0.77181697	0.76944226	0.76710874	0.76484668	0.76258576	0.76039428	0.75824010	0.75613976	0.75404441	0.75200999	0.75001484	0.74804604	0.74611646	0.74422997	0.74236012	0.74052036	0.73870850	0.73694259	0.73519188	0.73347193	0.73179162	0.73015136	0.72852671	0.72692823	0.72535944	0.72381169	0.72228843	0.72080034	0.71932918	0.71788913	0.71643335	0.71500957	0.71361899	0.71223074	0.71086800	0.70953727	0.70822626	0.70691371	0.70566005	0.70439458	0.70315862	0.70192754	0.70071453	0.69951957	0.69834667	0.69716674	0.69602329	0.69487780	0.69375890	0.69264197	0.69155937	0.69047928	0.68940425	0.68834245	0.68730915	0.68627787	0.68527323	0.68425173	0.68325371	0.68227029	0.68129063	0.68032122	0.67936498	0.67841560	0.67747724	0.67654008	0.67561585	0.67470443	0.67379147	0.67289668	0.67200726	0.67115539	0.67028433	0.66943222	0.66856968	0.66772771	0.66690230	0.66607332	0.66525292	0.66444069	0.66364104	0.66283703	0.66204071	0.66125441	0.66046709	0.65968555	0.65893149	0.65816802	0.65741634	0.65665865	0.65591162	0.65517998	0.65444070	0.65372241	0.65300518	0.65229291	0.65159118	0.65089023	0.65019900	0.64951289	0.64882767	0.64814621	0.64746326	0.64678925	0.64611548	0.64545619	0.64480132	0.64414454	0.64349455	0.64285040	0.64220363	0.64155978	0.64092964	0.64030397	0.63967609	0.63906300	0.63844556	0.63783330	0.63722402	0.63661194	0.63601512	0.63541853	0.63482183	0.63423210	0.63365221	0.63306677	0.63248819	0.63191479	0.63134575	0.63077587	0.63020504	0.62964994	0.62909716	0.62854183	0.62799942	0.62745523	0.62691122	0.62635356	0.62583834	0.62530577	0.62478501	0.62424463	0.62372380	0.62320352	0.62267607	0.62215990	0.62164956	0.62114477	0.62064105	0.62013566	0.61963135	0.61912811	0.61862695	0.61814070	0.61764336	0.61715978	0.61666447	0.61617869	0.61568582	0.61520606	0.61472929	0.61424941	0.61376953	0.61329347	0.61281657	0.61235344	0.61188704	0.61142659	0.61097217	0.61051267	0.61005789	0.60960048	0.60914594	0.60869819	0.60824853	0.60780615	0.60736424	0.60691977	0.60647887
185363	4018216	1	0.99998450	0.99995363	0.99989808	0.99979681	0.99961847	0.99934816	0.99893349	0.99839884	0.99771547	0.99686980	0.99584627	0.99464285	0.99327707	0.99168909	0.98995239	0.98801905	0.98591357	0.98360556	0.98114181	0.97857696	0.97583032	0.97287405	0.96980143	0.96657258	0.96319997	0.95966893	0.95597297	0.95224530	0.94849402	0.94458860	0.94053262	0.93655407	0.93253154	0.92841393	0.92430073	0.92009616	0.91586071	0.91159463	0.90730906	0.90306515	0.89883918	0.89460534	0.89041167	0.88618994	0.88204658	0.87791938	0.87381595	0.86971998	0.86568439	0.86173916	0.85780227	0.85394675	0.85011142	0.84635079	0.84268129	0.83908790	0.83546531	0.83190459	0.82838881	0.82493860	0.82158649	0.81826127	0.81501919	0.81183857	0.80869877	0.80561244	0.80253822	0.79958832	0.79668736	0.79382437	0.79102075	0.78827596	0.78554589	0.78289199	0.78029901	0.77771395	0.77520531	0.77277136	0.77035069	0.76798409	0.76564258	0.76335186	0.76113361	0.75895786	0.75684392	0.75470412	0.75263643	0.75060338	0.74861312	0.74664712	0.74472535	0.74280959	0.74097019	0.73916179	0.73733747	0.73555952	0.73380125	0.73210526	0.73042905	0.72878623	0.72714955	0.72554004	0.72398090	0.72243553	0.72092372	0.71941477	0.71794015	0.71646535	0.71503723	0.71362346	0.71221477	0.71085155	0.70949399	0.70817727	0.70686531	0.70557505	0.70430940	0.70305055	0.70179832	0.70056361	0.69934577	0.69815648	0.69696051	0.69580328	0.69466084	0.69352716	0.69238418	0.69128507	0.69018549	0.68908828	0.68805063	0.68697214	0.68592709	0.68491042	0.68388921	0.68287915	0.68188637	0.68091494	0.67994183	0.67897403	0.67800593	0.67706531	0.67611569	0.67518729	0.67426556	0.67336315	0.67246169	0.67158484	0.67068267	0.66981441	0.66894716	0.66809237	0.66722208	0.66637862	0.66551787	0.66467863	0.66384494	0.66301936	0.66222000	0.66142452	0.66064501	0.65986449	0.65908998	0.65831888	0.65755743	0.65682095	0.65607458	0.65532362	0.65457612	0.65383577	0.65310580	0.65237772	0.65165782	0.65095103	0.65026110	0.64955312	0.64885241	0.64815378	0.64746690	0.64678538	0.64611262	0.64543724	0.64476818	0.64410138	0.64342481	0.64276940	0.64212054	0.64148253	0.64083862	0.64018643	0.63955396	0.63893527	0.63830900	0.63768429	0.63705766	0.63643181	0.63582766	0.63524055	0.63463271	0.63402683	0.63342291	0.63283837	0.63225174	0.63167030	0.63108873	0.63051486	0.62993270	0.62935901	0.62879008	0.62821859	0.62765980	0.62711155	0.62655926	0.62600839	0.62546867	0.62492055	0.62438160	0.62385154	0.62332147	0.62278521	0.62225533	0.62172204	0.62121224	0.62070119	0.62018728	0.61968756	0.61917973	0.61867613	0.61816925	0.61767656	0.61718166	0.61668271	0.61619067	0.61569685	0.61520821	0.61472362	0.61424530	0.61376399	0.61327267	0.61280495	0.61232388	0.61185771	0.61138898	0.61092550	0.61046338	0.60999620	0.60953939	0.60907996	0.60862589	0.60817766	0.60774165	0.60729998	0.60684329	0.60639155	0.60593504	0.60549992	0.60506344
262144	647375	1	0.99997562	0.99995953	0.99990070	0.99980515	0.99963635	0.99936491	0.99895519	0.99847555	0.99778879	0.99685991	0.99588352	0.99465775	0.99328256	0.99178177	0.99013442	0.98825771	0.98625326	0.98405153	0.98162490	0.97916931	0.97639877	0.97355455	0.97040993	0.96718282	0.96392846	0.96066666	0.95712560	0.95334768	0.94963026	0.94585162	0.94194549	0.93787044	0.93374801	0.92969376	0.92552650	0.92154175	0.91730845	0.91304255	0.90892249	0.90476811	0.90047705	0.89620519	0.89201844	0.88787639	0.88375610	0.87953639	0.87540478	0.87124938	0.86710477	0.86298442	0.85903430	0.85508543	0.85117275	0.84746879	0.84366381	0.83991683	0.83625704	0.83275217	0.82919478	0.82573926	0.82235217	0.81900209	0.81569463	0.81241876	0.80930585	0.80621856	0.80308807	0.80012488	0.79709089	0.79406124	0.79134083	0.78854108	0.78579623	0.78316534	0.78050578	0.77797085	0.77549320	0.77300906	0.77058613	0.76816922	0.76586342	0.76358217	0.76131094	0.75917155	0.75690526	0.75469989	0.75260442	0.75057030	0.74859816	0.74658549	0.74466419	0.74271774	0.74080187	0.73894554	0.73711622	0.73533267	0.73354685	0.73184913	0.73019058	0.72853619	0.72685838	0.72521335	0.72355884	0.72197866	0.72041255	0.71891475	0.71744466	0.71598679	0.71454597	0.71313447	0.71174341	0.71036720	0.70901412	0.70763284	0.70624703	0.70496249	0.70362216	0.70234799	0.70106930	0.69982016	0.69856346	0.69736832	0.69618106	0.69497168	0.69379103	0.69264472	0.69150448	0.69039971	0.68922865	0.68815005	0.68710399	0.68600386	0.68495142	0.68390584	0.68284249	0.68181914	0.68083745	0.67982793	0.67878646	0.67781073	0.67689580	0.67595577	0.67499232	0.67406106	0.67312956	0.67216927	0.67124093	0.67033601	0.66949165	0.66858792	0.66769147	0.66680980	0.66592771	0.66506916	0.66421348	0.66335386	0.66254121	0.66172785	0.66092664	0.66016501	0.65934134	0.65846556	0.65768951	0.65689802	0.65609717	0.65532804	0.65457129	0.65384346	0.65310001	0.65239120	0.65163273	0.65087414	0.65011263	0.64938158	0.64862943	0.64791149	0.64722157	0.64649707	0.64579922	0.64508301	0.64441580	0.64372891	0.64307666	0.64244616	0.64179903	0.64111769	0.64047074	0.63982952	0.63919395	0.63859177	0.63795805	0.63728112	0.63666999	0.63604325	0.63545823	0.63484693	0.63424671	0.63359433	0.63299334	0.63241088	0.63178879	0.63118941	0.63061142	0.63006949	0.62948072	0.62889796	0.62830770	0.62774539	0.62719131	0.62660849	0.62605709	0.62551451	0.62499154	0.62442970	0.62392598	0.62338167	0.62283289	0.62227553	0.62173581	0.62122333	0.62067300	0.62015986	0.61962330	0.61910540	0.61856765	0.61805391	0.61755687	0.61707240	0.61654526	0.61605769	0.61554688	0.61504692	0.61455470	0.61404055	0.61354589	0.61309791	0.61259025	0.61205977	0.61157233	0.61106658	0.61059111	0.61010432	0.60964239	0.60912728	0.60867083	0.60817677	0.60770118	0.60724348	0.60677958	0.60632151	0.60587668	0.60540074	0.60495102	0.60449570	0.60403711	0.60361022	0.60319066
